Survived,Pclass,Sex,Age,Fare,Embarked_Q,Embarked_S,FamilySize,AgeGroup_Teen,AgeGroup_Adult,AgeGroup_Middle-aged,AgeGroup_Senior,LogFare,AgeBin,IsAlone
0,3,0,22.0,7.25,0,1,2,False,True,False,False,2.1102132003465894,2,0
1,1,1,38.0,71.2833,0,0,2,False,False,True,False,4.2805931204649,3,0
1,3,1,26.0,7.925,0,1,1,False,True,False,False,2.188856327665703,2,1
1,1,1,35.0,53.1,0,1,2,False,True,False,False,3.9908341858524357,2,0
0,3,0,35.0,8.05,0,1,1,False,True,False,False,2.2027647577118348,2,1
0,3,0,28.0,8.4583,1,0,1,False,True,False,False,2.246892662898172,2,1
0,1,0,54.0,51.8625,0,1,1,False,False,True,False,3.967694202798607,3,1
0,3,0,2.0,21.075,0,1,5,False,False,False,False,3.0944457464900235,0,0
1,3,1,27.0,11.1333,0,1,3,False,True,False,False,2.495953738718064,2,0
1,2,1,14.0,30.0708,0,0,2,True,False,False,False,3.436268471383741,1,0
1,3,1,4.0,16.7,0,1,3,False,False,False,False,2.8735646395797834,0,0
1,1,1,58.0,26.55,0,1,1,False,False,True,False,3.3160025355989236,3,1
0,3,0,20.0,8.05,0,1,1,False,True,False,False,2.2027647577118348,2,1
0,3,0,39.0,31.275,0,1,7,False,False,True,False,3.4742929367327062,3,0
0,3,1,14.0,7.8542,0,1,1,True,False,False,False,2.180891922715322,1,1
1,2,1,55.0,16.0,0,1,1,False,False,True,False,2.833213344056216,3,1
0,3,0,2.0,29.125,1,0,6,False,False,False,False,3.405355391810819,0,0
1,2,0,28.0,13.0,0,1,1,False,True,False,False,2.6390573296152584,2,1
0,3,1,31.0,18.0,0,1,2,False,True,False,False,2.9444389791664403,2,0
1,3,1,28.0,7.225,0,0,1,False,True,False,False,2.1071782966514356,2,1
0,2,0,35.0,26.0,0,1,1,False,True,False,False,3.295836866004329,2,1
1,2,0,34.0,13.0,0,1,1,False,True,False,False,2.6390573296152584,2,1
1,3,1,15.0,8.0292,1,0,1,True,False,False,False,2.2004637699272855,1,1
1,1,0,28.0,35.5,0,1,1,False,True,False,False,3.597312260588446,2,1
0,3,1,8.0,21.075,0,1,5,False,False,False,False,3.0944457464900235,0,0
1,3,1,38.0,31.3875,0,1,7,False,False,True,False,3.4777725458882283,3,0
0,3,0,28.0,7.225,0,0,1,False,True,False,False,2.1071782966514356,2,1
0,1,0,19.0,263.0,0,1,6,False,True,False,False,5.575949103146316,2,0
1,3,1,28.0,7.8792,1,0,1,False,True,False,False,2.1837114628556327,2,1
0,3,0,28.0,7.8958,0,1,1,False,True,False,False,2.1855792552411137,2,1
0,1,0,40.0,27.7208,0,0,1,False,False,True,False,3.357621598945279,3,1
1,1,1,28.0,146.5208,0,0,2,False,True,False,False,4.993969182787072,2,0
1,3,1,28.0,7.75,1,0,1,False,True,False,False,2.169053700369523,2,1
0,2,0,66.0,10.5,0,1,1,False,False,False,True,2.4423470353692043,4,1
0,1,0,28.0,82.1708,0,0,2,False,True,False,False,4.420896324687287,2,0
0,1,0,42.0,52.0,0,1,2,False,False,True,False,3.970291913552122,3,0
1,3,0,28.0,7.2292,0,0,1,False,True,False,False,2.1076888046179385,2,1
0,3,0,21.0,8.05,0,1,1,False,True,False,False,2.2027647577118348,2,1
0,3,1,18.0,18.0,0,1,3,True,False,False,False,2.9444389791664403,1,0
1,3,1,14.0,11.2417,0,0,2,True,False,False,False,2.5048481563289,1,0
0,3,1,40.0,9.475,0,1,2,False,False,True,False,2.348991465808201,3,0
0,2,1,27.0,21.0,0,1,2,False,True,False,False,3.091042453358316,2,0
0,3,0,28.0,7.8958,0,0,1,False,True,False,False,2.1855792552411137,2,1
1,2,1,3.0,41.5792,0,0,4,False,False,False,False,3.7513658711253766,0,0
1,3,1,19.0,7.8792,1,0,1,False,True,False,False,2.1837114628556327,2,1
0,3,0,28.0,8.05,0,1,1,False,True,False,False,2.2027647577118348,2,1
0,3,0,28.0,15.5,1,0,2,False,True,False,False,2.803360380906535,2,0
1,3,1,28.0,7.75,1,0,1,False,True,False,False,2.169053700369523,2,1
0,3,0,28.0,21.6792,0,0,3,False,True,False,False,3.1214482048688246,2,0
0,3,1,18.0,17.8,0,1,2,True,False,False,False,2.9338568698359038,1,0
0,3,0,7.0,39.6875,0,1,6,False,False,False,False,3.705920919968788,0,0
0,3,0,21.0,7.8,0,1,1,False,True,False,False,2.174751721484161,2,1
1,1,1,49.0,76.7292,0,0,2,False,False,True,False,4.353230991152628,3,0
1,2,1,29.0,26.0,0,1,2,False,True,False,False,3.295836866004329,2,0
0,1,0,65.0,61.9792,0,0,2,False,False,False,True,4.142804513146981,4,0
1,1,0,28.0,35.5,0,1,1,False,True,False,False,3.597312260588446,2,1
1,2,1,21.0,10.5,0,1,1,False,True,False,False,2.4423470353692043,2,1
0,3,0,28.5,7.2292,0,0,1,False,True,False,False,2.1076888046179385,2,1
1,2,1,5.0,27.75,0,1,4,False,False,False,False,3.3586377672433594,0,0
0,3,0,11.0,46.9,0,1,8,False,False,False,False,3.8691155044168695,0,0
0,3,0,22.0,7.2292,0,0,1,False,True,False,False,2.1076888046179385,2,1
1,1,1,38.0,80.0,0,1,1,False,False,True,False,4.394449154672439,3,1
0,1,0,45.0,83.475,0,1,2,False,False,True,False,4.436455632600354,3,0
0,3,0,4.0,27.9,0,1,6,False,False,False,False,3.3638415951183864,0,0
0,1,0,28.0,27.7208,0,0,1,False,True,False,False,3.357621598945279,2,1
1,3,0,28.0,15.2458,0,0,3,False,True,False,False,2.7878344138303452,2,0
1,2,1,29.0,10.5,0,1,1,False,True,False,False,2.4423470353692043,2,1
0,3,0,19.0,8.1583,0,1,1,False,True,False,False,2.2146605719425225,2,1
1,3,1,17.0,7.925,0,1,7,True,False,False,False,2.188856327665703,1,0
0,3,0,26.0,8.6625,0,1,3,False,True,False,False,2.2682524139135403,2,0
0,2,0,32.0,10.5,0,1,1,False,True,False,False,2.4423470353692043,2,1
0,3,1,16.0,46.9,0,1,8,True,False,False,False,3.8691155044168695,1,0
0,2,0,21.0,73.5,0,1,1,False,True,False,False,4.310799125385514,2,1
0,3,0,26.0,14.4542,0,0,2,False,True,False,False,2.737880811060884,2,0
1,3,0,32.0,56.4958,0,1,1,False,True,False,False,4.05171190165724,2,1
0,3,0,25.0,7.65,0,1,1,False,True,False,False,2.157559320943788,2,1
0,3,0,28.0,7.8958,0,1,1,False,True,False,False,2.1855792552411137,2,1
0,3,0,28.0,8.05,0,1,1,False,True,False,False,2.2027647577118348,2,1
1,2,0,0.83,29.0,0,1,3,False,False,False,False,3.4011973816621555,0,0
1,3,1,30.0,12.475,0,1,1,False,True,False,False,2.600836116795061,2,1
0,3,0,22.0,9.0,0,1,1,False,True,False,False,2.302585092994046,2,1
1,3,0,29.0,9.5,0,1,1,False,True,False,False,2.3513752571634776,2,1
1,3,1,28.0,7.7875,1,0,1,False,True,False,False,2.1733302571367834,2,1
0,1,0,28.0,47.1,0,1,1,False,True,False,False,3.8732821771117156,2,1
1,2,1,17.0,10.5,0,1,1,True,False,False,False,2.4423470353692043,1,1
1,3,1,33.0,15.85,0,1,4,False,True,False,False,2.8243506567983707,2,0
0,3,0,16.0,34.375,0,1,5,True,False,False,False,3.5660053559634015,1,0
0,3,0,28.0,8.05,0,1,1,False,True,False,False,2.2027647577118348,2,1
1,1,1,23.0,263.0,0,1,6,False,True,False,False,5.575949103146316,2,0
0,3,0,24.0,8.05,0,1,1,False,True,False,False,2.2027647577118348,2,1
0,3,0,29.0,8.05,0,1,1,False,True,False,False,2.2027647577118348,2,1
0,3,0,20.0,7.8542,0,1,1,False,True,False,False,2.180891922715322,2,1
0,1,0,46.0,61.175,0,1,2,False,False,True,False,4.1299529896894684,3,0
0,3,0,26.0,20.575,0,1,4,False,True,False,False,3.0715352369694915,2,0
0,3,0,59.0,7.25,0,1,1,False,False,True,False,2.1102132003465894,3,1
0,3,0,28.0,8.05,0,1,1,False,True,False,False,2.2027647577118348,2,1
0,1,0,71.0,34.6542,0,0,1,False,False,False,True,3.57386695198272,4,1
1,1,0,23.0,63.3583,0,0,2,False,True,False,False,4.164465907853638,2,0
1,2,1,34.0,23.0,0,1,2,False,True,False,False,3.1780538303479458,2,0
0,2,0,34.0,26.0,0,1,2,False,True,False,False,3.295836866004329,2,0
0,3,1,28.0,7.8958,0,1,1,False,True,False,False,2.1855792552411137,2,1
0,3,0,28.0,7.8958,0,1,1,False,True,False,False,2.1855792552411137,2,1
0,1,0,21.0,77.2875,0,1,2,False,True,False,False,4.360387947851531,2,0
0,3,0,33.0,8.6542,0,1,1,False,True,False,False,2.267393053825037,2,1
0,3,0,37.0,7.925,0,1,3,False,False,True,False,2.188856327665703,3,0
0,3,0,28.0,7.8958,0,1,1,False,True,False,False,2.1855792552411137,2,1
1,3,1,21.0,7.65,0,1,1,False,True,False,False,2.157559320943788,2,1
1,3,0,28.0,7.775,0,1,1,False,True,False,False,2.1719067693519296,2,1
0,3,0,38.0,7.8958,0,1,1,False,False,True,False,2.1855792552411137,3,1
1,3,1,28.0,24.15,1,0,2,False,True,False,False,3.224857896545748,2,0
0,1,0,47.0,52.0,0,1,1,False,False,True,False,3.970291913552122,3,1
0,3,1,14.5,14.4542,0,0,2,True,False,False,False,2.737880811060884,1,0
0,3,0,22.0,8.05,0,1,1,False,True,False,False,2.2027647577118348,2,1
0,3,1,20.0,9.825,0,1,2,False,True,False,False,2.3818582738885534,2,0
0,3,1,17.0,14.4583,0,0,1,True,False,False,False,2.738146075922933,1,1
0,3,0,21.0,7.925,0,1,1,False,True,False,False,2.188856327665703,2,1
0,3,0,70.5,7.75,1,0,1,False,False,False,True,2.169053700369523,4,1
0,2,0,29.0,21.0,0,1,2,False,True,False,False,3.091042453358316,2,0
0,1,0,24.0,247.5208,0,0,2,False,True,False,False,5.515526544247129,2,0
0,3,1,2.0,31.275,0,1,7,False,False,False,False,3.4742929367327062,0,0
0,2,0,21.0,73.5,0,1,3,False,True,False,False,4.310799125385514,2,0
0,3,0,28.0,8.05,0,1,1,False,True,False,False,2.2027647577118348,2,1
0,2,0,32.5,30.0708,0,0,2,False,True,False,False,3.436268471383741,2,0
1,2,1,32.5,13.0,0,1,1,False,True,False,False,2.6390573296152584,2,1
0,1,0,54.0,77.2875,0,1,2,False,False,True,False,4.360387947851531,3,0
1,3,0,12.0,11.2417,0,0,2,False,False,False,False,2.5048481563289,0,0
0,3,0,28.0,7.75,1,0,1,False,True,False,False,2.169053700369523,2,1
1,3,0,24.0,7.1417,0,1,1,False,True,False,False,2.0969990034181696,2,1
1,3,1,28.0,22.3583,0,0,3,False,True,False,False,3.1509523813392697,2,0
0,3,0,45.0,6.975,0,1,1,False,False,True,False,2.076311648670908,3,1
0,3,0,33.0,7.8958,0,0,1,False,True,False,False,2.1855792552411137,2,1
0,3,0,20.0,7.05,0,1,1,False,True,False,False,2.0856720914304723,2,1
0,3,1,47.0,14.5,0,1,2,False,False,True,False,2.740840023925201,3,0
1,2,1,29.0,26.0,0,1,2,False,True,False,False,3.295836866004329,2,0
0,2,0,25.0,13.0,0,1,1,False,True,False,False,2.6390573296152584,2,1
0,2,0,23.0,15.0458,0,0,1,False,True,False,False,2.775447133088262,2,1
1,1,1,19.0,26.2833,0,1,3,False,True,False,False,3.3062747934011893,2,0
0,1,0,37.0,53.1,0,1,2,False,False,True,False,3.9908341858524357,3,0
0,3,0,16.0,9.2167,0,1,1,True,False,False,False,2.3240236363515288,1,1
0,1,0,24.0,79.2,0,0,1,False,True,False,False,4.384523514872469,2,1
0,3,1,28.0,15.2458,0,0,3,False,True,False,False,2.7878344138303452,2,0
1,3,1,22.0,7.75,0,1,1,False,True,False,False,2.169053700369523,2,1
1,3,1,24.0,15.85,0,1,2,False,True,False,False,2.8243506567983707,2,0
0,3,0,19.0,6.75,1,0,1,False,True,False,False,2.0476928433652555,2,1
0,2,0,18.0,11.5,0,1,1,True,False,False,False,2.5257286443082556,1,1
0,2,0,19.0,36.75,0,1,3,False,True,False,False,3.6309854756950335,2,0
1,3,0,27.0,7.7958,0,1,1,False,True,False,False,2.174274334826008,2,1
0,3,1,9.0,34.375,0,1,5,False,False,False,False,3.5660053559634015,0,0
0,2,0,36.5,26.0,0,1,3,False,False,True,False,3.295836866004329,3,0
0,2,0,42.0,13.0,0,1,1,False,False,True,False,2.6390573296152584,3,1
0,2,0,51.0,12.525,0,1,1,False,False,True,False,2.6045398247325453,3,1
1,1,1,22.0,66.6,0,1,2,False,True,False,False,4.213607983048918,2,0
0,3,0,55.5,8.05,0,1,1,False,False,True,False,2.2027647577118348,3,1
0,3,0,40.5,14.5,0,1,3,False,False,True,False,2.740840023925201,3,0
0,3,0,28.0,7.3125,0,1,1,False,True,False,False,2.1177604059819726,2,1
0,1,0,51.0,61.3792,0,0,2,False,False,True,False,4.133231886474144,3,0
1,3,1,16.0,7.7333,1,0,1,True,False,False,False,2.167143305297764,1,1
0,3,0,30.0,8.05,0,1,1,False,True,False,False,2.2027647577118348,2,1
0,3,0,28.0,8.6625,0,1,1,False,True,False,False,2.2682524139135403,2,1
0,3,0,28.0,69.55,0,1,11,False,True,False,False,4.256321678298823,2,0
0,3,0,44.0,16.1,0,1,2,False,False,True,False,2.8390784635086144,3,0
1,2,1,40.0,15.75,0,1,1,False,False,True,False,2.8183982582710754,3,1
0,3,0,26.0,7.775,0,1,1,False,True,False,False,2.1719067693519296,2,1
0,3,0,17.0,8.6625,0,1,1,True,False,False,False,2.2682524139135403,1,1
0,3,0,1.0,39.6875,0,1,6,False,False,False,False,3.705920919968788,0,0
1,3,0,9.0,20.525,0,1,3,False,False,False,False,3.0692150503137943,0,0
1,1,1,28.0,55.0,0,1,2,False,True,False,False,4.02535169073515,2,0
0,3,1,45.0,27.9,0,1,6,False,False,True,False,3.3638415951183864,3,0
0,1,0,28.0,25.925,0,1,1,False,True,False,False,3.2930552230424524,2,1
0,3,0,28.0,56.4958,0,1,1,False,True,False,False,4.05171190165724,2,1
0,1,0,61.0,33.5,0,1,1,False,False,False,True,3.5409593240373143,4,1
0,3,0,4.0,29.125,1,0,6,False,False,False,False,3.405355391810819,0,0
1,3,1,1.0,11.1333,0,1,3,False,False,False,False,2.495953738718064,0,0
0,3,0,21.0,7.925,0,1,1,False,True,False,False,2.188856327665703,2,1
0,1,0,56.0,30.6958,0,0,1,False,False,True,False,3.4561841799918147,3,1
0,3,0,18.0,7.8542,0,1,3,True,False,False,False,2.180891922715322,1,0
0,3,0,28.0,25.4667,0,1,5,False,True,False,False,3.275887339030031,2,0
0,1,1,50.0,28.7125,0,0,1,False,False,True,False,3.391567832686312,3,1
0,2,0,30.0,13.0,0,1,1,False,True,False,False,2.6390573296152584,2,1
0,3,0,36.0,0.0,0,1,1,False,False,True,False,0.0,3,1
0,3,1,28.0,69.55,0,1,11,False,True,False,False,4.256321678298823,2,0
0,2,0,28.0,15.05,0,0,1,False,True,False,False,2.775708849576025,2,1
0,3,0,9.0,31.3875,0,1,7,False,False,False,False,3.4777725458882283,0,0
1,2,0,1.0,39.0,0,1,4,False,False,False,False,3.6888794541139363,0,0
1,3,1,4.0,22.025,0,1,3,False,False,False,False,3.1365805821413706,0,0
0,1,0,28.0,50.0,0,1,1,False,True,False,False,3.9318256327243257,2,1
1,3,1,28.0,15.5,1,0,2,False,True,False,False,2.803360380906535,2,0
1,1,0,45.0,26.55,0,1,1,False,False,True,False,3.3160025355989236,3,1
0,3,0,40.0,15.5,1,0,3,False,False,True,False,2.803360380906535,3,0
0,3,0,36.0,7.8958,0,1,1,False,False,True,False,2.1855792552411137,3,1
1,2,1,32.0,13.0,0,1,1,False,True,False,False,2.6390573296152584,2,1
0,2,0,19.0,13.0,0,1,1,False,True,False,False,2.6390573296152584,2,1
1,3,1,19.0,7.8542,0,1,2,False,True,False,False,2.180891922715322,2,0
1,2,0,3.0,26.0,0,1,3,False,False,False,False,3.295836866004329,0,0
1,1,1,44.0,27.7208,0,0,1,False,False,True,False,3.357621598945279,3,1
1,1,1,58.0,146.5208,0,0,1,False,False,True,False,4.993969182787072,3,1
0,3,0,28.0,7.75,1,0,1,False,True,False,False,2.169053700369523,2,1
0,3,0,42.0,8.4042,0,1,2,False,False,True,False,2.2411563979973974,3,0
1,3,1,28.0,7.75,1,0,1,False,True,False,False,2.169053700369523,2,1
0,2,1,24.0,13.0,0,1,1,False,True,False,False,2.6390573296152584,2,1
0,3,0,28.0,9.5,0,1,1,False,True,False,False,2.3513752571634776,2,1
0,3,0,28.0,69.55,0,1,11,False,True,False,False,4.256321678298823,2,0
0,3,0,34.0,6.4958,0,1,1,False,True,False,False,2.0143428636837015,2,1
0,3,0,45.5,7.225,0,0,1,False,False,True,False,2.1071782966514356,3,1
1,3,0,18.0,8.05,0,1,1,True,False,False,False,2.2027647577118348,1,1
0,3,1,2.0,10.4625,0,1,2,False,False,False,False,2.4390808375825834,0,0
0,3,0,32.0,15.85,0,1,2,False,True,False,False,2.8243506567983707,2,0
1,3,0,26.0,18.7875,0,0,1,False,True,False,False,2.9850504252071306,2,1
1,3,1,16.0,7.75,1,0,1,True,False,False,False,2.169053700369523,1,1
1,1,0,40.0,31.0,0,0,1,False,False,True,False,3.4657359027997265,3,1
0,3,0,24.0,7.05,0,1,1,False,True,False,False,2.0856720914304723,2,1
1,2,1,35.0,21.0,0,1,1,False,True,False,False,3.091042453358316,2,1
0,3,0,22.0,7.25,0,1,1,False,True,False,False,2.1102132003465894,2,1
0,2,0,30.0,13.0,0,1,1,False,True,False,False,2.6390573296152584,2,1
0,3,0,28.0,7.75,1,0,2,False,True,False,False,2.169053700369523,2,0
1,1,1,31.0,113.275,0,0,2,False,True,False,False,4.738607824217808,2,0
1,3,1,27.0,7.925,0,1,1,False,True,False,False,2.188856327665703,2,1
0,2,0,42.0,27.0,0,1,2,False,False,True,False,3.332204510175204,3,0
1,1,1,32.0,76.2917,0,0,1,False,True,False,False,4.347586575960343,2,1
0,2,0,30.0,10.5,0,1,1,False,True,False,False,2.4423470353692043,2,1
1,3,0,16.0,8.05,0,1,1,True,False,False,False,2.2027647577118348,1,1
0,2,0,27.0,13.0,0,1,1,False,True,False,False,2.6390573296152584,2,1
0,3,0,51.0,8.05,0,1,1,False,False,True,False,2.2027647577118348,3,1
0,3,0,28.0,7.8958,0,1,1,False,True,False,False,2.1855792552411137,2,1
1,1,0,38.0,90.0,0,1,2,False,False,True,False,4.51085950651685,3,0
0,3,0,22.0,9.35,0,1,1,False,True,False,False,2.336986519711378,2,1
1,2,0,19.0,10.5,0,1,1,False,True,False,False,2.4423470353692043,2,1
0,3,0,20.5,7.25,0,1,1,False,True,False,False,2.1102132003465894,2,1
0,2,0,18.0,13.0,0,1,1,True,False,False,False,2.6390573296152584,1,1
0,3,1,28.0,25.4667,0,1,5,False,True,False,False,3.275887339030031,2,0
1,1,1,35.0,83.475,0,1,2,False,True,False,False,4.436455632600354,2,0
0,3,0,29.0,7.775,0,1,1,False,True,False,False,2.1719067693519296,2,1
0,2,0,59.0,13.5,0,1,1,False,False,True,False,2.6741486494265287,3,1
1,3,1,5.0,31.3875,0,1,7,False,False,False,False,3.4777725458882283,0,0
0,2,0,24.0,10.5,0,1,1,False,True,False,False,2.4423470353692043,2,1
0,3,1,28.0,7.55,0,1,1,False,True,False,False,2.145931282948669,2,1
0,2,0,44.0,26.0,0,1,2,False,False,True,False,3.295836866004329,3,0
1,2,1,8.0,26.25,0,1,3,False,False,False,False,3.305053521109253,0,0
0,2,0,19.0,10.5,0,1,1,False,True,False,False,2.4423470353692043,2,1
0,2,0,33.0,12.275,0,1,1,False,True,False,False,2.5858825671280026,2,1
0,3,1,28.0,14.4542,0,0,2,False,True,False,False,2.737880811060884,2,0
1,3,1,28.0,15.5,1,0,2,False,True,False,False,2.803360380906535,2,0
0,2,0,29.0,10.5,0,1,1,False,True,False,False,2.4423470353692043,2,1
0,3,0,22.0,7.125,0,1,1,False,True,False,False,2.094945728215801,2,1
0,3,0,30.0,7.225,0,0,1,False,True,False,False,2.1071782966514356,2,1
0,1,0,44.0,90.0,1,0,3,False,False,True,False,4.51085950651685,3,0
0,3,1,25.0,7.775,0,1,1,False,True,False,False,2.1719067693519296,2,1
1,2,1,24.0,14.5,0,1,3,False,True,False,False,2.740840023925201,2,0
1,1,0,37.0,52.5542,0,1,3,False,False,True,False,3.9806942251907276,3,0
0,2,0,54.0,26.0,0,1,2,False,False,True,False,3.295836866004329,3,0
0,3,0,28.0,7.25,0,1,1,False,True,False,False,2.1102132003465894,2,1
0,3,1,29.0,10.4625,0,1,3,False,True,False,False,2.4390808375825834,2,0
0,1,0,62.0,26.55,0,1,1,False,False,False,True,3.3160025355989236,4,1
0,3,0,30.0,16.1,0,1,2,False,True,False,False,2.8390784635086144,2,0
0,3,1,41.0,20.2125,0,1,3,False,False,True,False,3.0545906305603445,3,0
1,3,1,29.0,15.2458,0,0,3,False,True,False,False,2.7878344138303452,2,0
1,1,1,28.0,79.2,0,0,1,False,True,False,False,4.384523514872469,2,1
1,1,1,30.0,86.5,0,1,1,False,True,False,False,4.471638793363569,2,1
1,1,1,35.0,512.3292,0,0,1,False,True,False,False,6.240917354759096,2,1
1,2,1,50.0,26.0,0,1,2,False,False,True,False,3.295836866004329,3,0
0,3,0,28.0,7.75,1,0,1,False,True,False,False,2.169053700369523,2,1
1,3,0,3.0,31.3875,0,1,7,False,False,False,False,3.4777725458882283,0,0
0,1,0,52.0,79.65,0,1,3,False,False,True,False,4.390118804571218,3,0
0,1,0,40.0,0.0,0,1,1,False,False,True,False,0.0,3,1
0,3,1,28.0,7.75,1,0,1,False,True,False,False,2.169053700369523,2,1
0,2,0,36.0,10.5,0,1,1,False,False,True,False,2.4423470353692043,3,1
0,3,0,16.0,39.6875,0,1,6,True,False,False,False,3.705920919968788,1,0
1,3,0,25.0,7.775,0,1,2,False,True,False,False,2.1719067693519296,2,0
1,1,1,58.0,153.4625,0,1,2,False,False,True,False,5.039951348430309,3,0
1,1,1,35.0,135.6333,0,1,1,False,True,False,False,4.91730069488021,2,1
0,1,0,28.0,31.0,0,1,1,False,True,False,False,3.4657359027997265,2,1
1,3,0,25.0,0.0,0,1,1,False,True,False,False,0.0,2,1
1,2,1,41.0,19.5,0,1,2,False,False,True,False,3.0204248861443626,3,0
0,1,0,37.0,29.7,0,0,2,False,False,True,False,3.4242626545931514,3,0
1,3,1,28.0,7.75,1,0,1,False,True,False,False,2.169053700369523,2,1
1,1,1,63.0,77.9583,0,1,2,False,False,False,True,4.368919865004903,4,0
0,3,1,45.0,7.75,0,1,1,False,False,True,False,2.169053700369523,3,1
0,2,0,28.0,0.0,0,1,1,False,True,False,False,0.0,2,1
0,3,0,7.0,29.125,1,0,6,False,False,False,False,3.405355391810819,0,0
1,3,1,35.0,20.25,0,1,3,False,True,False,False,3.056356895370426,2,0
0,3,0,65.0,7.75,1,0,1,False,False,False,True,2.169053700369523,4,1
0,3,0,28.0,7.8542,0,1,1,False,True,False,False,2.180891922715322,2,1
0,3,0,16.0,9.5,0,1,1,True,False,False,False,2.3513752571634776,1,1
1,3,0,19.0,8.05,0,1,1,False,True,False,False,2.2027647577118348,2,1
0,1,0,28.0,26.0,0,1,1,False,True,False,False,3.295836866004329,2,1
0,3,0,33.0,8.6625,0,0,1,False,True,False,False,2.2682524139135403,2,1
1,3,0,30.0,9.5,0,1,1,False,True,False,False,2.3513752571634776,2,1
0,3,0,22.0,7.8958,0,1,1,False,True,False,False,2.1855792552411137,2,1
1,2,0,42.0,13.0,0,1,1,False,False,True,False,2.6390573296152584,3,1
1,3,1,22.0,7.75,1,0,1,False,True,False,False,2.169053700369523,2,1
1,1,1,26.0,78.85,0,1,1,False,True,False,False,4.380149874661021,2,1
1,1,1,19.0,91.0792,0,0,2,False,True,False,False,4.5226490762785785,2,0
0,2,0,36.0,12.875,0,0,1,False,False,True,False,2.630088659632498,3,1
0,3,1,24.0,8.85,0,1,1,False,True,False,False,2.2874714551839976,2,1
0,3,0,24.0,7.8958,0,1,1,False,True,False,False,2.1855792552411137,2,1
0,1,0,28.0,27.7208,0,0,1,False,True,False,False,3.357621598945279,2,1
0,3,0,23.5,7.2292,0,0,1,False,True,False,False,2.1076888046179385,2,1
0,1,1,2.0,151.55,0,1,4,False,False,False,False,5.027492411162679,0,0
1,1,0,28.0,30.5,0,1,1,False,True,False,False,3.449987545831587,2,1
1,1,1,50.0,247.5208,0,0,2,False,False,True,False,5.515526544247129,3,0
1,3,1,28.0,7.75,1,0,1,False,True,False,False,2.169053700369523,2,1
1,3,0,28.0,23.25,1,0,3,False,True,False,False,3.188416617383492,2,0
0,3,0,19.0,0.0,0,1,1,False,True,False,False,0.0,2,1
1,2,1,28.0,12.35,1,0,1,False,True,False,False,2.5915163848462583,2,1
0,3,0,28.0,8.05,0,1,1,False,True,False,False,2.2027647577118348,2,1
1,1,0,0.92,151.55,0,1,4,False,False,False,False,5.027492411162679,0,0
1,1,1,28.0,110.8833,0,0,1,False,True,False,False,4.717456363787216,2,1
1,1,1,17.0,108.9,0,0,2,True,False,False,False,4.699570861409576,1,0
0,2,0,30.0,24.0,0,0,2,False,True,False,False,3.2188758248682006,2,0
1,1,1,30.0,56.9292,0,0,1,False,True,False,False,4.0592215752427645,2,1
1,1,1,24.0,83.1583,0,0,1,False,True,False,False,4.432699549165613,2,1
1,1,1,18.0,262.375,0,0,5,True,False,False,False,5.5735788721243535,1,0
0,2,1,26.0,26.0,0,1,3,False,True,False,False,3.295836866004329,2,0
0,3,0,28.0,7.8958,0,1,1,False,True,False,False,2.1855792552411137,2,1
0,2,0,43.0,26.25,0,1,3,False,False,True,False,3.305053521109253,3,0
1,3,1,26.0,7.8542,0,1,1,False,True,False,False,2.180891922715322,2,1
1,2,1,24.0,26.0,0,1,2,False,True,False,False,3.295836866004329,2,0
0,2,0,54.0,14.0,0,1,1,False,False,True,False,2.70805020110221,3,1
1,1,1,31.0,164.8667,0,1,3,False,True,False,False,5.11118445372147,2,0
1,1,1,40.0,134.5,0,0,3,False,False,True,False,4.908971640319756,3,0
0,3,0,22.0,7.25,0,1,1,False,True,False,False,2.1102132003465894,2,1
0,3,0,27.0,7.8958,0,1,1,False,True,False,False,2.1855792552411137,2,1
1,2,1,30.0,12.35,1,0,1,False,True,False,False,2.5915163848462583,2,1
1,2,1,22.0,29.0,0,1,3,False,True,False,False,3.4011973816621555,2,0
0,3,0,28.0,69.55,0,1,11,False,True,False,False,4.256321678298823,2,0
1,1,1,36.0,135.6333,0,0,1,False,False,True,False,4.91730069488021,3,1
0,3,0,61.0,6.2375,0,1,1,False,False,False,True,1.9792758428991135,4,1
1,2,1,36.0,13.0,0,1,1,False,False,True,False,2.6390573296152584,3,1
1,3,1,31.0,20.525,0,1,3,False,True,False,False,3.0692150503137943,2,0
1,1,1,16.0,57.9792,0,0,2,True,False,False,False,4.077184839375167,1,0
1,3,1,28.0,23.25,1,0,3,False,True,False,False,3.188416617383492,2,0
0,1,0,45.5,28.5,0,1,1,False,False,True,False,3.3843902633457743,3,1
0,1,0,38.0,153.4625,0,1,2,False,False,True,False,5.039951348430309,3,0
0,3,0,16.0,18.0,0,1,3,True,False,False,False,2.9444389791664403,1,0
1,1,1,28.0,133.65,0,1,2,False,True,False,False,4.902678819257608,2,0
0,3,0,28.0,7.8958,0,1,1,False,True,False,False,2.1855792552411137,2,1
0,1,0,29.0,66.6,0,1,2,False,True,False,False,4.213607983048918,2,0
1,1,1,41.0,134.5,0,0,1,False,False,True,False,4.908971640319756,3,1
1,3,0,45.0,8.05,0,1,1,False,False,True,False,2.2027647577118348,3,1
0,1,0,45.0,35.5,0,1,1,False,False,True,False,3.597312260588446,3,1
1,2,0,2.0,26.0,0,1,3,False,False,False,False,3.295836866004329,0,0
1,1,1,24.0,263.0,0,1,6,False,True,False,False,5.575949103146316,2,0
0,2,0,28.0,13.0,0,1,1,False,True,False,False,2.6390573296152584,2,1
0,2,0,25.0,13.0,0,1,1,False,True,False,False,2.6390573296152584,2,1
0,2,0,36.0,13.0,0,1,1,False,False,True,False,2.6390573296152584,3,1
1,2,1,24.0,13.0,0,1,1,False,True,False,False,2.6390573296152584,2,1
1,2,1,40.0,13.0,0,1,1,False,False,True,False,2.6390573296152584,3,1
1,3,1,28.0,16.1,0,1,2,False,True,False,False,2.8390784635086144,2,0
1,3,0,3.0,15.9,0,1,3,False,False,False,False,2.8273136219290276,0,0
0,3,0,42.0,8.6625,0,1,1,False,False,True,False,2.2682524139135403,3,1
0,3,0,23.0,9.225,0,1,1,False,True,False,False,2.3248357019288655,2,1
0,1,0,28.0,35.0,0,1,1,False,True,False,False,3.58351893845611,2,1
0,3,0,15.0,7.2292,0,0,3,True,False,False,False,2.1076888046179385,1,0
0,3,0,25.0,17.8,0,1,2,False,True,False,False,2.9338568698359038,2,0
0,3,0,28.0,7.225,0,0,1,False,True,False,False,2.1071782966514356,2,1
0,3,0,28.0,9.5,0,1,1,False,True,False,False,2.3513752571634776,2,1
1,1,1,22.0,55.0,0,1,2,False,True,False,False,4.02535169073515,2,0
0,2,1,38.0,13.0,0,1,1,False,False,True,False,2.6390573296152584,3,1
1,3,1,28.0,7.8792,1,0,1,False,True,False,False,2.1837114628556327,2,1
1,3,1,28.0,7.8792,1,0,1,False,True,False,False,2.1837114628556327,2,1
0,3,0,40.0,27.9,0,1,6,False,False,True,False,3.3638415951183864,3,0
0,2,0,29.0,27.7208,0,0,2,False,True,False,False,3.357621598945279,2,0
0,3,1,45.0,14.4542,0,0,2,False,False,True,False,2.737880811060884,3,0
0,3,0,35.0,7.05,0,1,1,False,True,False,False,2.0856720914304723,2,1
0,3,0,28.0,15.5,1,0,2,False,True,False,False,2.803360380906535,2,0
0,3,0,30.0,7.25,0,1,1,False,True,False,False,2.1102132003465894,2,1
1,1,1,60.0,75.25,0,0,2,False,False,True,False,4.334017415487521,3,0
1,3,1,28.0,7.2292,0,0,1,False,True,False,False,2.1076888046179385,2,1
1,3,1,28.0,7.75,1,0,1,False,True,False,False,2.169053700369523,2,1
1,1,1,24.0,69.3,0,0,1,False,True,False,False,4.252771798816619,2,1
1,1,0,25.0,55.4417,0,0,2,False,True,False,False,4.0332082470129285,2,0
0,3,0,18.0,6.4958,0,1,2,True,False,False,False,2.0143428636837015,1,0
0,3,0,19.0,8.05,0,1,1,False,True,False,False,2.2027647577118348,2,1
0,1,0,22.0,135.6333,0,0,1,False,True,False,False,4.91730069488021,2,1
0,3,1,3.0,21.075,0,1,5,False,False,False,False,3.0944457464900235,0,0
1,1,1,28.0,82.1708,0,0,2,False,True,False,False,4.420896324687287,2,0
1,3,1,22.0,7.25,0,1,1,False,True,False,False,2.1102132003465894,2,1
0,1,0,27.0,211.5,0,0,3,False,True,False,False,5.358941988364472,2,0
0,3,0,20.0,4.0125,0,0,1,False,True,False,False,1.6119347926326877,2,1
0,3,0,19.0,7.775,0,1,1,False,True,False,False,2.1719067693519296,2,1
1,1,1,42.0,227.525,0,0,1,False,False,True,False,5.4316456135398825,3,1
1,3,1,1.0,15.7417,0,0,3,False,False,False,False,2.817902613071225,0,0
0,3,0,32.0,7.925,0,1,1,False,True,False,False,2.188856327665703,2,1
1,1,1,35.0,52.0,0,1,2,False,True,False,False,3.970291913552122,2,0
0,3,0,28.0,7.8958,0,1,1,False,True,False,False,2.1855792552411137,2,1
0,2,0,18.0,73.5,0,1,1,True,False,False,False,4.310799125385514,1,1
0,3,0,1.0,46.9,0,1,8,False,False,False,False,3.8691155044168695,0,0
1,2,1,36.0,13.0,0,1,1,False,False,True,False,2.6390573296152584,3,1
0,3,0,28.0,7.7292,1,0,1,False,True,False,False,2.1666737276227077,2,1
1,2,1,17.0,12.0,0,0,1,True,False,False,False,2.5649493574615367,1,1
1,1,0,36.0,120.0,0,1,4,False,False,True,False,4.795790545596741,3,0
1,3,0,21.0,7.7958,0,1,1,False,True,False,False,2.174274334826008,2,1
0,3,0,28.0,7.925,0,1,3,False,True,False,False,2.188856327665703,2,0
1,1,1,23.0,113.275,0,0,2,False,True,False,False,4.738607824217808,2,0
1,3,1,24.0,16.7,0,1,3,False,True,False,False,2.8735646395797834,2,0
0,3,0,22.0,7.7958,0,1,1,False,True,False,False,2.174274334826008,2,1
0,3,1,31.0,7.8542,0,1,1,False,True,False,False,2.180891922715322,2,1
0,2,0,46.0,26.0,0,1,1,False,False,True,False,3.295836866004329,3,1
0,2,0,23.0,10.5,0,1,1,False,True,False,False,2.4423470353692043,2,1
1,2,1,28.0,12.65,0,1,1,False,True,False,False,2.613739521630969,2,1
1,3,0,39.0,7.925,0,1,1,False,False,True,False,2.188856327665703,3,1
0,3,0,26.0,8.05,0,1,1,False,True,False,False,2.2027647577118348,2,1
0,3,1,21.0,9.825,0,1,2,False,True,False,False,2.3818582738885534,2,0
0,3,0,28.0,15.85,0,1,2,False,True,False,False,2.8243506567983707,2,0
0,3,1,20.0,8.6625,0,1,1,False,True,False,False,2.2682524139135403,2,1
0,2,0,34.0,21.0,0,1,2,False,True,False,False,3.091042453358316,2,0
0,3,0,51.0,7.75,0,1,1,False,False,True,False,2.169053700369523,3,1
1,2,0,3.0,18.75,0,1,3,False,False,False,False,2.9831534913471307,0,0
0,3,0,21.0,7.775,0,1,1,False,True,False,False,2.1719067693519296,2,1
0,3,1,28.0,25.4667,0,1,5,False,True,False,False,3.275887339030031,2,0
0,3,0,28.0,7.8958,0,1,1,False,True,False,False,2.1855792552411137,2,1
0,3,0,28.0,6.8583,1,0,1,False,True,False,False,2.061570298060867,2,1
1,1,1,33.0,90.0,1,0,2,False,True,False,False,4.51085950651685,2,0
0,2,0,28.0,0.0,0,1,1,False,True,False,False,0.0,2,1
1,3,0,44.0,7.925,0,1,1,False,False,True,False,2.188856327665703,3,1
0,3,1,28.0,8.05,0,1,1,False,True,False,False,2.2027647577118348,2,1
1,2,1,34.0,32.5,0,1,3,False,True,False,False,3.5115454388310208,2,0
1,2,1,18.0,13.0,0,1,3,True,False,False,False,2.6390573296152584,1,0
0,2,0,30.0,13.0,0,1,1,False,True,False,False,2.6390573296152584,2,1
0,3,1,10.0,24.15,0,1,3,False,False,False,False,3.224857896545748,0,0
0,3,0,28.0,7.8958,0,0,1,False,True,False,False,2.1855792552411137,2,1
0,3,0,21.0,7.7333,1,0,1,False,True,False,False,2.167143305297764,2,1
0,3,0,29.0,7.875,0,1,1,False,True,False,False,2.1832383353614797,2,1
0,3,1,28.0,14.4,0,1,3,False,True,False,False,2.7343675094195836,2,0
0,3,0,18.0,20.2125,0,1,3,True,False,False,False,3.0545906305603445,1,0
0,3,0,28.0,7.25,0,1,1,False,True,False,False,2.1102132003465894,2,1
1,2,1,28.0,26.0,0,1,2,False,True,False,False,3.295836866004329,2,0
1,2,1,19.0,26.0,0,1,1,False,True,False,False,3.295836866004329,2,1
0,3,0,28.0,7.75,1,0,1,False,True,False,False,2.169053700369523,2,1
1,3,0,32.0,8.05,0,1,1,False,True,False,False,2.2027647577118348,2,1
1,1,0,28.0,26.55,0,1,1,False,True,False,False,3.3160025355989236,2,1
1,3,1,28.0,16.1,0,1,2,False,True,False,False,2.8390784635086144,2,0
1,2,1,42.0,26.0,0,1,2,False,False,True,False,3.295836866004329,3,0
0,3,0,17.0,7.125,0,1,1,True,False,False,False,2.094945728215801,1,1
0,1,0,50.0,55.9,0,1,2,False,False,True,False,4.041295341132285,3,0
1,1,1,14.0,120.0,0,1,4,True,False,False,False,4.795790545596741,1,0
0,3,1,21.0,34.375,0,1,5,False,True,False,False,3.5660053559634015,2,0
1,2,1,24.0,18.75,0,1,6,False,True,False,False,2.9831534913471307,2,0
0,1,0,64.0,263.0,0,1,6,False,False,False,True,5.575949103146316,4,0
0,2,0,31.0,10.5,0,1,1,False,True,False,False,2.4423470353692043,2,1
1,2,1,45.0,26.25,0,1,3,False,False,True,False,3.305053521109253,3,0
0,3,0,20.0,9.5,0,1,1,False,True,False,False,2.3513752571634776,2,1
0,3,0,25.0,7.775,0,1,2,False,True,False,False,2.1719067693519296,2,0
1,2,1,28.0,13.0,0,1,1,False,True,False,False,2.6390573296152584,2,1
1,3,0,28.0,8.1125,0,1,1,False,True,False,False,2.2096470973347766,2,1
1,1,0,4.0,81.8583,0,1,3,False,False,False,False,4.417131919904876,0,0
1,2,1,13.0,19.5,0,1,2,True,False,False,False,3.0204248861443626,1,0
1,1,0,34.0,26.55,0,1,1,False,True,False,False,3.3160025355989236,2,1
1,3,1,5.0,19.2583,0,0,4,False,False,False,False,3.0085645861193133,0,0
1,1,0,52.0,30.5,0,1,1,False,False,True,False,3.449987545831587,3,1
0,2,0,36.0,27.75,0,1,4,False,False,True,False,3.3586377672433594,3,0
0,3,0,28.0,19.9667,0,1,2,False,True,False,False,3.0429354648621407,2,0
0,1,0,30.0,27.75,0,0,1,False,True,False,False,3.3586377672433594,2,1
1,1,0,49.0,89.1042,0,0,2,False,False,True,False,4.500966778400217,3,0
0,3,0,28.0,8.05,0,1,1,False,True,False,False,2.2027647577118348,2,1
1,3,0,29.0,7.8958,0,0,1,False,True,False,False,2.1855792552411137,2,1
0,1,0,65.0,26.55,0,1,1,False,False,False,True,3.3160025355989236,4,1
1,1,1,28.0,51.8625,0,1,2,False,True,False,False,3.967694202798607,2,0
1,2,1,50.0,10.5,0,1,1,False,False,True,False,2.4423470353692043,3,1
0,3,0,28.0,7.75,1,0,1,False,True,False,False,2.169053700369523,2,1
1,1,0,48.0,26.55,0,1,1,False,False,True,False,3.3160025355989236,3,1
0,3,0,34.0,8.05,0,1,1,False,True,False,False,2.2027647577118348,2,1
0,1,0,47.0,38.5,0,1,1,False,False,True,False,3.676300671907076,3,1
0,2,0,48.0,13.0,0,1,1,False,False,True,False,2.6390573296152584,3,1
0,3,0,28.0,8.05,0,1,1,False,True,False,False,2.2027647577118348,2,1
0,3,0,38.0,7.05,0,1,1,False,False,True,False,2.0856720914304723,3,1
0,2,0,28.0,0.0,0,1,1,False,True,False,False,0.0,2,1
0,1,0,56.0,26.55,0,1,1,False,False,True,False,3.3160025355989236,3,1
0,3,0,28.0,7.725,1,0,1,False,True,False,False,2.1661924680884908,2,1
1,3,1,0.75,19.2583,0,0,4,False,False,False,False,3.0085645861193133,0,0
0,3,0,28.0,7.25,0,1,1,False,True,False,False,2.1102132003465894,2,1
0,3,0,38.0,8.6625,0,1,1,False,False,True,False,2.2682524139135403,3,1
1,2,1,33.0,27.75,0,1,4,False,True,False,False,3.3586377672433594,2,0
1,2,1,23.0,13.7917,0,0,1,False,True,False,False,2.694066212646058,2,1
0,3,1,22.0,9.8375,0,1,1,False,True,False,False,2.3830123421066602,2,1
0,1,0,28.0,52.0,0,1,1,False,True,False,False,3.970291913552122,2,1
0,2,0,34.0,21.0,0,1,2,False,True,False,False,3.091042453358316,2,0
0,3,0,29.0,7.0458,0,1,2,False,True,False,False,2.0851502161468174,2,0
0,3,0,22.0,7.5208,0,1,1,False,True,False,False,2.142510233146819,2,1
1,3,1,2.0,12.2875,0,1,2,False,False,False,False,2.586823743668066,0,0
0,3,0,9.0,46.9,0,1,8,False,False,False,False,3.8691155044168695,0,0
0,2,0,28.0,0.0,0,1,1,False,True,False,False,0.0,2,1
0,3,0,50.0,8.05,0,1,1,False,False,True,False,2.2027647577118348,3,1
1,3,1,63.0,9.5875,0,1,1,False,False,False,True,2.3596740599781727,4,1
1,1,0,25.0,91.0792,0,0,2,False,True,False,False,4.5226490762785785,2,0
0,3,1,28.0,25.4667,0,1,5,False,True,False,False,3.275887339030031,2,0
1,1,1,35.0,90.0,0,1,2,False,True,False,False,4.51085950651685,2,0
0,1,0,58.0,29.7,0,0,1,False,False,True,False,3.4242626545931514,3,1
0,3,0,30.0,8.05,0,1,1,False,True,False,False,2.2027647577118348,2,1
1,3,0,9.0,15.9,0,1,3,False,False,False,False,2.8273136219290276,0,0
0,3,0,28.0,19.9667,0,1,2,False,True,False,False,3.0429354648621407,2,0
0,3,0,21.0,7.25,0,1,1,False,True,False,False,2.1102132003465894,2,1
0,1,0,55.0,30.5,0,1,1,False,False,True,False,3.449987545831587,3,1
0,1,0,71.0,49.5042,0,0,1,False,False,False,True,3.922056501139853,4,1
0,3,0,21.0,8.05,0,1,1,False,True,False,False,2.2027647577118348,2,1
0,3,0,28.0,14.4583,0,0,1,False,True,False,False,2.738146075922933,2,1
1,1,1,54.0,78.2667,0,0,2,False,False,True,False,4.37281811610993,3,0
0,3,0,28.0,15.1,0,1,1,False,True,False,False,2.7788192719904172,2,1
0,1,1,25.0,151.55,0,1,4,False,True,False,False,5.027492411162679,2,0
0,3,0,24.0,7.7958,0,1,1,False,True,False,False,2.174274334826008,2,1
0,3,0,17.0,8.6625,0,1,1,True,False,False,False,2.2682524139135403,1,1
0,3,1,21.0,7.75,1,0,1,False,True,False,False,2.169053700369523,2,1
0,3,1,28.0,7.6292,1,0,1,False,True,False,False,2.155151800914312,2,1
0,3,1,37.0,9.5875,0,1,1,False,False,True,False,2.3596740599781727,3,1
1,1,1,16.0,86.5,0,1,1,True,False,False,False,4.471638793363569,1,1
0,1,0,18.0,108.9,0,0,2,True,False,False,False,4.699570861409576,1,0
1,2,1,33.0,26.0,0,1,3,False,True,False,False,3.295836866004329,2,0
1,1,0,28.0,26.55,0,1,1,False,True,False,False,3.3160025355989236,2,1
0,3,0,28.0,22.525,0,1,1,False,True,False,False,3.1580636854714434,2,1
1,3,0,26.0,56.4958,0,1,1,False,True,False,False,4.05171190165724,2,1
1,3,0,29.0,7.75,1,0,1,False,True,False,False,2.169053700369523,2,1
0,3,0,28.0,8.05,0,1,1,False,True,False,False,2.2027647577118348,2,1
1,1,0,36.0,26.2875,0,1,1,False,False,True,False,3.3064287218760624,3,1
1,1,1,54.0,59.4,0,0,2,False,False,True,False,4.100989104940769,3,0
0,3,0,24.0,7.4958,0,1,1,False,True,False,False,2.139571923732859,2,1
0,1,0,47.0,34.0208,0,1,1,False,False,True,False,3.5559421706858756,3,1
1,2,1,34.0,10.5,0,1,1,False,True,False,False,2.4423470353692043,2,1
0,3,0,28.0,24.15,1,0,1,False,True,False,False,3.224857896545748,2,1
1,2,1,36.0,26.0,0,1,2,False,False,True,False,3.295836866004329,3,0
0,3,0,32.0,7.8958,0,1,1,False,True,False,False,2.1855792552411137,2,1
1,1,1,30.0,93.5,0,1,1,False,True,False,False,4.548599834499697,2,1
0,3,0,22.0,7.8958,0,1,1,False,True,False,False,2.1855792552411137,2,1
0,3,0,28.0,7.225,0,0,1,False,True,False,False,2.1071782966514356,2,1
1,1,1,44.0,57.9792,0,0,2,False,False,True,False,4.077184839375167,3,0
0,3,0,28.0,7.2292,0,0,1,False,True,False,False,2.1076888046179385,2,1
0,3,0,40.5,7.75,1,0,1,False,False,True,False,2.169053700369523,3,1
1,2,1,50.0,10.5,0,1,1,False,False,True,False,2.4423470353692043,3,1
0,1,0,28.0,221.7792,0,1,1,False,True,False,False,5.406181146423973,2,1
0,3,0,39.0,7.925,0,1,1,False,False,True,False,2.188856327665703,3,1
0,2,0,23.0,11.5,0,1,4,False,True,False,False,2.5257286443082556,2,0
1,2,1,2.0,26.0,0,1,3,False,False,False,False,3.295836866004329,0,0
0,3,0,28.0,7.2292,0,0,1,False,True,False,False,2.1076888046179385,2,1
0,3,0,17.0,7.2292,0,0,3,True,False,False,False,2.1076888046179385,1,0
1,3,1,28.0,22.3583,0,0,3,False,True,False,False,3.1509523813392697,2,0
0,3,1,30.0,8.6625,0,1,1,False,True,False,False,2.2682524139135403,2,1
1,2,1,7.0,26.25,0,1,3,False,False,False,False,3.305053521109253,0,0
0,1,0,45.0,26.55,0,1,1,False,False,True,False,3.3160025355989236,3,1
1,1,1,30.0,106.425,0,0,1,False,True,False,False,4.676792929661059,2,1
0,3,0,28.0,14.5,0,1,1,False,True,False,False,2.740840023925201,2,1
1,1,1,22.0,49.5,0,0,3,False,True,False,False,3.9219733362813143,2,0
1,1,1,36.0,71.0,0,1,3,False,False,True,False,4.276666119016055,3,0
0,3,1,9.0,31.275,0,1,7,False,False,False,False,3.4742929367327062,0,0
0,3,1,11.0,31.275,0,1,7,False,False,False,False,3.4742929367327062,0,0
1,2,0,32.0,26.0,0,1,2,False,True,False,False,3.295836866004329,2,0
0,1,0,50.0,106.425,0,0,2,False,False,True,False,4.676792929661059,3,0
0,1,0,64.0,26.0,0,1,1,False,False,False,True,3.295836866004329,4,1
1,2,1,19.0,26.0,0,1,2,False,True,False,False,3.295836866004329,2,0
1,2,0,28.0,13.8625,0,0,1,False,True,False,False,2.6988412620169004,2,1
0,3,0,33.0,20.525,0,1,3,False,True,False,False,3.0692150503137943,2,0
1,2,0,8.0,36.75,0,1,3,False,False,False,False,3.6309854756950335,0,0
1,1,0,17.0,110.8833,0,0,3,True,False,False,False,4.717456363787216,1,0
0,2,0,27.0,26.0,0,1,1,False,True,False,False,3.295836866004329,2,1
0,3,0,28.0,7.8292,1,0,1,False,True,False,False,2.17806441028492,2,1
1,3,0,22.0,7.225,0,0,1,False,True,False,False,2.1071782966514356,2,1
1,3,1,22.0,7.775,0,1,1,False,True,False,False,2.1719067693519296,2,1
0,1,0,62.0,26.55,0,1,1,False,False,False,True,3.3160025355989236,4,1
1,1,1,48.0,39.6,0,0,2,False,False,True,False,3.703768066607687,3,0
0,1,0,28.0,227.525,0,0,1,False,True,False,False,5.4316456135398825,2,1
1,1,1,39.0,79.65,0,1,3,False,False,True,False,4.390118804571218,3,0
1,3,1,36.0,17.4,0,1,2,False,False,True,False,2.91235066461494,3,0
0,3,0,28.0,7.75,1,0,1,False,True,False,False,2.169053700369523,2,1
0,3,0,40.0,7.8958,0,1,1,False,False,True,False,2.1855792552411137,3,1
0,2,0,28.0,13.5,0,1,1,False,True,False,False,2.6741486494265287,2,1
0,3,0,28.0,8.05,0,1,1,False,True,False,False,2.2027647577118348,2,1
0,3,1,28.0,8.05,0,1,1,False,True,False,False,2.2027647577118348,2,1
0,3,0,24.0,24.15,0,1,3,False,True,False,False,3.224857896545748,2,0
0,3,0,19.0,7.8958,0,1,1,False,True,False,False,2.1855792552411137,2,1
0,3,1,29.0,21.075,0,1,5,False,True,False,False,3.0944457464900235,2,0
0,3,0,28.0,7.2292,0,0,1,False,True,False,False,2.1076888046179385,2,1
1,3,0,32.0,7.8542,0,1,1,False,True,False,False,2.180891922715322,2,1
1,2,0,62.0,10.5,0,1,1,False,False,False,True,2.4423470353692043,4,1
1,1,1,53.0,51.4792,0,1,3,False,False,True,False,3.960416900617205,3,0
1,1,0,36.0,26.3875,0,1,1,False,False,True,False,3.3100867049215847,3,1
1,3,1,28.0,7.75,1,0,1,False,True,False,False,2.169053700369523,2,1
0,3,0,16.0,8.05,0,1,1,True,False,False,False,2.2027647577118348,1,1
0,3,0,19.0,14.5,0,1,1,False,True,False,False,2.740840023925201,2,1
1,2,1,34.0,13.0,0,1,1,False,True,False,False,2.6390573296152584,2,1
1,1,1,39.0,55.9,0,1,2,False,False,True,False,4.041295341132285,3,0
0,3,1,28.0,14.4583,0,0,2,False,True,False,False,2.738146075922933,2,0
1,3,0,32.0,7.925,0,1,1,False,True,False,False,2.188856327665703,2,1
1,2,1,25.0,30.0,0,1,3,False,True,False,False,3.4339872044851463,2,0
1,1,1,39.0,110.8833,0,0,3,False,False,True,False,4.717456363787216,3,0
0,2,0,54.0,26.0,0,1,1,False,False,True,False,3.295836866004329,3,1
0,1,0,36.0,40.125,0,0,1,False,False,True,False,3.716616209085536,3,1
0,3,0,28.0,8.7125,0,0,1,False,True,False,False,2.2734137156937657,2,1
1,1,1,18.0,79.65,0,1,3,True,False,False,False,4.390118804571218,1,0
0,2,0,47.0,15.0,0,1,1,False,False,True,False,2.772588722239781,3,1
1,1,0,60.0,79.2,0,0,3,False,False,True,False,4.384523514872469,3,0
0,3,0,22.0,8.05,0,1,1,False,True,False,False,2.2027647577118348,2,1
0,3,0,28.0,8.05,0,1,1,False,True,False,False,2.2027647577118348,2,1
0,3,0,35.0,7.125,0,1,1,False,True,False,False,2.094945728215801,2,1
1,1,1,52.0,78.2667,0,0,2,False,False,True,False,4.37281811610993,3,0
0,3,0,47.0,7.25,0,1,1,False,False,True,False,2.1102132003465894,3,1
0,3,1,28.0,7.75,1,0,3,False,True,False,False,2.169053700369523,2,0
0,2,0,37.0,26.0,0,1,2,False,False,True,False,3.295836866004329,3,0
0,3,0,36.0,24.15,0,1,3,False,False,True,False,3.224857896545748,3,0
1,2,1,28.0,33.0,0,1,1,False,True,False,False,3.5263605246161616,2,1
0,3,0,49.0,0.0,0,1,1,False,False,True,False,0.0,3,1
0,3,0,28.0,7.225,0,0,1,False,True,False,False,2.1071782966514356,2,1
1,1,0,49.0,56.9292,0,0,2,False,False,True,False,4.0592215752427645,3,0
1,2,1,24.0,27.0,0,1,4,False,True,False,False,3.332204510175204,2,0
0,3,0,28.0,7.8958,0,1,1,False,True,False,False,2.1855792552411137,2,1
0,1,0,28.0,42.4,0,1,1,False,True,False,False,3.770459441106359,2,1
0,3,0,44.0,8.05,0,1,1,False,False,True,False,2.2027647577118348,3,1
1,1,0,35.0,26.55,0,0,1,False,True,False,False,3.3160025355989236,2,1
0,3,0,36.0,15.55,0,1,2,False,False,True,False,2.806386101823072,3,0
0,3,0,30.0,7.8958,0,1,1,False,True,False,False,2.1855792552411137,2,1
1,1,0,27.0,30.5,0,1,1,False,True,False,False,3.449987545831587,2,1
1,2,1,22.0,41.5792,0,0,4,False,True,False,False,3.7513658711253766,2,0
1,1,1,40.0,153.4625,0,1,1,False,False,True,False,5.039951348430309,3,1
0,3,1,39.0,31.275,0,1,7,False,False,True,False,3.4742929367327062,3,0
0,3,0,28.0,7.05,0,1,1,False,True,False,False,2.0856720914304723,2,1
1,3,1,28.0,15.5,1,0,2,False,True,False,False,2.803360380906535,2,0
0,3,0,28.0,7.75,1,0,1,False,True,False,False,2.169053700369523,2,1
0,3,0,35.0,8.05,0,1,1,False,True,False,False,2.2027647577118348,2,1
1,2,1,24.0,65.0,0,1,4,False,True,False,False,4.189654742026425,2,0
0,3,0,34.0,14.4,0,1,3,False,True,False,False,2.7343675094195836,2,0
0,3,1,26.0,16.1,0,1,2,False,True,False,False,2.8390784635086144,2,0
1,2,1,4.0,39.0,0,1,4,False,False,False,False,3.6888794541139363,0,0
0,2,0,26.0,10.5,0,1,1,False,True,False,False,2.4423470353692043,2,1
0,3,0,27.0,14.4542,0,0,2,False,True,False,False,2.737880811060884,2,0
1,1,0,42.0,52.5542,0,1,2,False,False,True,False,3.9806942251907276,3,0
1,3,0,20.0,15.7417,0,0,3,False,True,False,False,2.817902613071225,2,0
0,3,0,21.0,7.8542,0,1,1,False,True,False,False,2.180891922715322,2,1
0,3,0,21.0,16.1,0,1,1,False,True,False,False,2.8390784635086144,2,1
0,1,0,61.0,32.3208,0,1,1,False,False,False,True,3.5061818266142577,4,1
0,2,0,57.0,12.35,1,0,1,False,False,True,False,2.5915163848462583,3,1
1,1,1,21.0,77.9583,0,1,1,False,True,False,False,4.368919865004903,2,1
0,3,0,26.0,7.8958,0,1,1,False,True,False,False,2.1855792552411137,2,1
0,3,0,28.0,7.7333,1,0,1,False,True,False,False,2.167143305297764,2,1
1,1,0,80.0,30.0,0,1,1,False,False,False,True,3.4339872044851463,4,1
0,3,0,51.0,7.0542,0,1,1,False,False,True,False,2.086193694502369,3,1
1,1,0,32.0,30.5,0,0,1,False,True,False,False,3.449987545831587,2,1
0,1,0,28.0,0.0,0,1,1,False,True,False,False,0.0,2,1
0,3,1,9.0,27.9,0,1,6,False,False,False,False,3.3638415951183864,0,0
1,2,1,28.0,13.0,0,1,1,False,True,False,False,2.6390573296152584,2,1
0,3,0,32.0,7.925,0,1,1,False,True,False,False,2.188856327665703,2,1
0,2,0,31.0,26.25,0,1,3,False,True,False,False,3.305053521109253,2,0
0,3,1,41.0,39.6875,0,1,6,False,False,True,False,3.705920919968788,3,0
0,3,0,28.0,16.1,0,1,2,False,True,False,False,2.8390784635086144,2,0
0,3,0,20.0,7.8542,0,1,1,False,True,False,False,2.180891922715322,2,1
1,1,1,24.0,69.3,0,0,1,False,True,False,False,4.252771798816619,2,1
0,3,1,2.0,27.9,0,1,6,False,False,False,False,3.3638415951183864,0,0
1,3,0,28.0,56.4958,0,1,1,False,True,False,False,4.05171190165724,2,1
1,3,1,0.75,19.2583,0,0,4,False,False,False,False,3.0085645861193133,0,0
1,1,0,48.0,76.7292,0,0,2,False,False,True,False,4.353230991152628,3,0
0,3,0,19.0,7.8958,0,1,1,False,True,False,False,2.1855792552411137,2,1
1,1,0,56.0,35.5,0,0,1,False,False,True,False,3.597312260588446,3,1
0,3,0,28.0,7.55,0,1,1,False,True,False,False,2.145931282948669,2,1
1,3,1,23.0,7.55,0,1,1,False,True,False,False,2.145931282948669,2,1
0,3,0,28.0,7.8958,0,1,1,False,True,False,False,2.1855792552411137,2,1
1,2,1,18.0,23.0,0,1,2,True,False,False,False,3.1780538303479458,1,0
0,3,0,21.0,8.4333,0,1,1,False,True,False,False,2.2442459824059346,2,1
1,3,1,28.0,7.8292,1,0,1,False,True,False,False,2.17806441028492,2,1
0,3,1,18.0,6.75,1,0,1,True,False,False,False,2.0476928433652555,1,1
0,2,0,24.0,73.5,0,1,3,False,True,False,False,4.310799125385514,2,0
0,3,0,28.0,7.8958,0,1,1,False,True,False,False,2.1855792552411137,2,1
0,3,1,32.0,15.5,1,0,3,False,True,False,False,2.803360380906535,2,0
0,2,0,23.0,13.0,0,1,1,False,True,False,False,2.6390573296152584,2,1
0,1,0,58.0,113.275,0,0,3,False,False,True,False,4.738607824217808,3,0
1,1,0,50.0,133.65,0,1,3,False,False,True,False,4.902678819257608,3,0
0,3,0,40.0,7.225,0,0,1,False,False,True,False,2.1071782966514356,3,1
0,1,0,47.0,25.5875,0,1,1,False,False,True,False,3.2804411805263554,3,1
0,3,0,36.0,7.4958,0,1,1,False,False,True,False,2.139571923732859,3,1
1,3,0,20.0,7.925,0,1,2,False,True,False,False,2.188856327665703,2,0
0,2,0,32.0,73.5,0,1,3,False,True,False,False,4.310799125385514,2,0
0,2,0,25.0,13.0,0,1,1,False,True,False,False,2.6390573296152584,2,1
0,3,0,28.0,7.775,0,1,1,False,True,False,False,2.1719067693519296,2,1
0,3,0,43.0,8.05,0,1,1,False,False,True,False,2.2027647577118348,3,1
1,1,1,28.0,52.0,0,1,2,False,True,False,False,3.970291913552122,2,0
1,2,1,40.0,39.0,0,1,3,False,False,True,False,3.6888794541139363,3,0
0,1,0,31.0,52.0,0,1,2,False,True,False,False,3.970291913552122,2,0
0,2,0,70.0,10.5,0,1,1,False,False,False,True,2.4423470353692043,4,1
1,2,0,31.0,13.0,0,1,1,False,True,False,False,2.6390573296152584,2,1
0,2,0,28.0,0.0,0,1,1,False,True,False,False,0.0,2,1
0,3,0,18.0,7.775,0,1,1,True,False,False,False,2.1719067693519296,1,1
0,3,0,24.5,8.05,0,1,1,False,True,False,False,2.2027647577118348,2,1
1,3,1,18.0,9.8417,0,1,1,True,False,False,False,2.3833998102837652,1,1
0,3,1,43.0,46.9,0,1,8,False,False,True,False,3.8691155044168695,3,0
1,1,0,36.0,512.3292,0,0,2,False,False,True,False,6.240917354759096,3,0
0,3,1,28.0,8.1375,1,0,1,False,True,False,False,2.212386825075897,2,1
1,1,0,27.0,76.7292,0,0,1,False,True,False,False,4.353230991152628,2,1
0,3,0,20.0,9.225,0,1,1,False,True,False,False,2.3248357019288655,2,1
0,3,0,14.0,46.9,0,1,8,True,False,False,False,3.8691155044168695,1,0
0,2,0,60.0,39.0,0,1,3,False,False,True,False,3.6888794541139363,3,0
0,2,0,25.0,41.5792,0,0,4,False,True,False,False,3.7513658711253766,2,0
0,3,0,14.0,39.6875,0,1,6,True,False,False,False,3.705920919968788,1,0
0,3,0,19.0,10.1708,0,1,1,False,True,False,False,2.4133032309283076,2,1
0,3,0,18.0,7.7958,0,1,1,True,False,False,False,2.174274334826008,1,1
1,1,1,15.0,211.3375,0,1,2,True,False,False,False,5.35817698994543,1,0
1,1,0,31.0,57.0,0,1,2,False,True,False,False,4.060443010546419,2,0
1,3,1,4.0,13.4167,0,0,2,False,False,False,False,2.668387256845834,0,0
1,3,0,28.0,56.4958,0,1,1,False,True,False,False,4.05171190165724,2,1
0,3,0,25.0,7.225,0,0,1,False,True,False,False,2.1071782966514356,2,1
0,1,0,60.0,26.55,0,1,1,False,False,True,False,3.3160025355989236,3,1
0,2,0,52.0,13.5,0,1,1,False,False,True,False,2.6741486494265287,3,1
0,3,0,44.0,8.05,0,1,1,False,False,True,False,2.2027647577118348,3,1
1,3,1,28.0,7.7333,1,0,1,False,True,False,False,2.167143305297764,2,1
0,1,0,49.0,110.8833,0,0,3,False,False,True,False,4.717456363787216,3,0
0,3,0,42.0,7.65,0,1,1,False,False,True,False,2.157559320943788,3,1
1,1,1,18.0,227.525,0,0,2,True,False,False,False,5.4316456135398825,1,0
1,1,0,35.0,26.2875,0,1,1,False,True,False,False,3.3064287218760624,2,1
0,3,1,18.0,14.4542,0,0,2,True,False,False,False,2.737880811060884,1,0
0,3,0,25.0,7.7417,1,0,1,False,True,False,False,2.1681046787623672,2,1
0,3,0,26.0,7.8542,0,1,2,False,True,False,False,2.180891922715322,2,0
0,2,0,39.0,26.0,0,1,1,False,False,True,False,3.295836866004329,3,1
1,2,1,45.0,13.5,0,1,1,False,False,True,False,2.6741486494265287,3,1
1,1,0,42.0,26.2875,0,1,1,False,False,True,False,3.3064287218760624,3,1
1,1,1,22.0,151.55,0,1,1,False,True,False,False,5.027492411162679,2,1
1,3,0,28.0,15.2458,0,0,3,False,True,False,False,2.7878344138303452,2,0
1,1,1,24.0,49.5042,0,0,1,False,True,False,False,3.922056501139853,2,1
0,1,0,28.0,26.55,0,1,1,False,True,False,False,3.3160025355989236,2,1
1,1,0,48.0,52.0,0,1,2,False,False,True,False,3.970291913552122,3,0
0,3,0,29.0,9.4833,0,1,1,False,True,False,False,2.3497835148230464,2,1
0,2,0,52.0,13.0,0,1,1,False,False,True,False,2.6390573296152584,3,1
0,3,0,19.0,7.65,0,1,1,False,True,False,False,2.157559320943788,2,1
1,1,1,38.0,227.525,0,0,1,False,False,True,False,5.4316456135398825,3,1
1,2,1,27.0,10.5,0,1,1,False,True,False,False,2.4423470353692043,2,1
0,3,0,28.0,15.5,1,0,1,False,True,False,False,2.803360380906535,2,1
0,3,0,33.0,7.775,0,1,1,False,True,False,False,2.1719067693519296,2,1
1,2,1,6.0,33.0,0,1,2,False,False,False,False,3.5263605246161616,0,0
0,3,0,17.0,7.0542,0,1,2,True,False,False,False,2.086193694502369,1,0
0,2,0,34.0,13.0,0,1,1,False,True,False,False,2.6390573296152584,2,1
0,2,0,50.0,13.0,0,1,1,False,False,True,False,2.6390573296152584,3,1
1,1,0,27.0,53.1,0,1,2,False,True,False,False,3.9908341858524357,2,0
0,3,0,20.0,8.6625,0,1,1,False,True,False,False,2.2682524139135403,2,1
1,2,1,30.0,21.0,0,1,4,False,True,False,False,3.091042453358316,2,0
1,3,1,28.0,7.7375,1,0,1,False,True,False,False,2.1676241075599285,2,1
0,2,0,25.0,26.0,0,1,2,False,True,False,False,3.295836866004329,2,0
0,3,1,25.0,7.925,0,1,2,False,True,False,False,2.188856327665703,2,0
1,1,1,29.0,211.3375,0,1,1,False,True,False,False,5.35817698994543,2,1
0,3,0,11.0,18.7875,0,0,1,False,False,False,False,2.9850504252071306,0,1
0,2,0,28.0,0.0,0,1,1,False,True,False,False,0.0,2,1
0,2,0,23.0,13.0,0,1,1,False,True,False,False,2.6390573296152584,2,1
0,2,0,23.0,13.0,0,1,1,False,True,False,False,2.6390573296152584,2,1
0,3,0,28.5,16.1,0,1,1,False,True,False,False,2.8390784635086144,2,1
0,3,1,48.0,34.375,0,1,5,False,False,True,False,3.5660053559634015,3,0
1,1,0,35.0,512.3292,0,0,1,False,True,False,False,6.240917354759096,2,1
0,3,0,28.0,7.8958,0,1,1,False,True,False,False,2.1855792552411137,2,1
0,3,0,28.0,7.8958,0,1,1,False,True,False,False,2.1855792552411137,2,1
1,1,0,28.0,30.0,0,1,1,False,True,False,False,3.4339872044851463,2,1
0,1,0,36.0,78.85,0,1,2,False,False,True,False,4.380149874661021,3,0
1,1,1,21.0,262.375,0,0,5,False,True,False,False,5.5735788721243535,2,0
0,3,0,24.0,16.1,0,1,2,False,True,False,False,2.8390784635086144,2,0
1,3,0,31.0,7.925,0,1,1,False,True,False,False,2.188856327665703,2,1
0,1,0,70.0,71.0,0,1,3,False,False,False,True,4.276666119016055,4,0
0,3,0,16.0,20.25,0,1,3,True,False,False,False,3.056356895370426,1,0
1,2,1,30.0,13.0,0,1,1,False,True,False,False,2.6390573296152584,2,1
0,1,0,19.0,53.1,0,1,2,False,True,False,False,3.9908341858524357,2,0
0,3,0,31.0,7.75,1,0,1,False,True,False,False,2.169053700369523,2,1
1,2,1,4.0,23.0,0,1,3,False,False,False,False,3.1780538303479458,0,0
1,3,0,6.0,12.475,0,1,2,False,False,False,False,2.600836116795061,0,0
0,3,0,33.0,9.5,0,1,1,False,True,False,False,2.3513752571634776,2,1
0,3,0,23.0,7.8958,0,1,1,False,True,False,False,2.1855792552411137,2,1
1,2,1,48.0,65.0,0,1,4,False,False,True,False,4.189654742026425,3,0
1,2,0,0.67,14.5,0,1,3,False,False,False,False,2.740840023925201,0,0
0,3,0,28.0,7.7958,0,1,1,False,True,False,False,2.174274334826008,2,1
0,2,0,18.0,11.5,0,1,1,True,False,False,False,2.5257286443082556,1,1
0,3,0,34.0,8.05,0,1,1,False,True,False,False,2.2027647577118348,2,1
1,1,1,33.0,86.5,0,1,1,False,True,False,False,4.471638793363569,2,1
0,3,0,28.0,14.5,0,1,1,False,True,False,False,2.740840023925201,2,1
0,3,0,41.0,7.125,0,1,1,False,False,True,False,2.094945728215801,3,1
1,3,0,20.0,7.2292,0,0,1,False,True,False,False,2.1076888046179385,2,1
1,1,1,36.0,120.0,0,1,4,False,False,True,False,4.795790545596741,3,0
0,3,0,16.0,7.775,0,1,1,True,False,False,False,2.1719067693519296,1,1
1,1,1,51.0,77.9583,0,1,2,False,False,True,False,4.368919865004903,3,0
0,1,0,28.0,39.6,0,0,1,False,True,False,False,3.703768066607687,2,1
0,3,1,30.5,7.75,1,0,1,False,True,False,False,2.169053700369523,2,1
0,3,0,28.0,24.15,1,0,2,False,True,False,False,3.224857896545748,2,0
0,3,0,32.0,8.3625,0,1,1,False,True,False,False,2.236712348843338,2,1
0,3,0,24.0,9.5,0,1,1,False,True,False,False,2.3513752571634776,2,1
0,3,0,48.0,7.8542,0,1,1,False,False,True,False,2.180891922715322,3,1
0,2,1,57.0,10.5,0,1,1,False,False,True,False,2.4423470353692043,3,1
0,3,0,28.0,7.225,0,0,1,False,True,False,False,2.1071782966514356,2,1
1,2,1,54.0,23.0,0,1,5,False,False,True,False,3.1780538303479458,3,0
0,3,0,18.0,7.75,0,1,1,True,False,False,False,2.169053700369523,1,1
0,3,0,28.0,7.75,1,0,1,False,True,False,False,2.169053700369523,2,1
1,3,1,5.0,12.475,0,1,1,False,False,False,False,2.600836116795061,0,1
0,3,0,28.0,7.7375,1,0,1,False,True,False,False,2.1676241075599285,2,1
1,1,1,43.0,211.3375,0,1,2,False,False,True,False,5.35817698994543,3,0
1,3,1,13.0,7.2292,0,0,1,True,False,False,False,2.1076888046179385,1,1
1,1,1,17.0,57.0,0,1,2,True,False,False,False,4.060443010546419,1,0
0,1,0,29.0,30.0,0,1,1,False,True,False,False,3.4339872044851463,2,1
0,3,0,28.0,23.45,0,1,4,False,True,False,False,3.196630215920881,2,0
0,3,0,25.0,7.05,0,1,1,False,True,False,False,2.0856720914304723,2,1
0,3,0,25.0,7.25,0,1,1,False,True,False,False,2.1102132003465894,2,1
1,3,1,18.0,7.4958,0,1,1,True,False,False,False,2.139571923732859,1,1
0,3,0,8.0,29.125,1,0,6,False,False,False,False,3.405355391810819,0,0
1,3,0,1.0,20.575,0,1,4,False,False,False,False,3.0715352369694915,0,0
0,1,0,46.0,79.2,0,0,1,False,False,True,False,4.384523514872469,3,1
0,3,0,28.0,7.75,1,0,1,False,True,False,False,2.169053700369523,2,1
0,2,0,16.0,26.0,0,1,1,True,False,False,False,3.295836866004329,1,1
0,3,1,28.0,69.55,0,1,11,False,True,False,False,4.256321678298823,2,0
0,1,0,28.0,30.6958,0,0,1,False,True,False,False,3.4561841799918147,2,1
0,3,0,25.0,7.8958,0,1,1,False,True,False,False,2.1855792552411137,2,1
0,2,0,39.0,13.0,0,1,1,False,False,True,False,2.6390573296152584,3,1
1,1,1,49.0,25.9292,0,1,1,False,False,True,False,3.2932111997353943,3,1
1,3,1,31.0,8.6833,0,1,1,False,True,False,False,2.270402752283094,2,1
0,3,0,30.0,7.2292,0,0,1,False,True,False,False,2.1076888046179385,2,1
0,3,1,30.0,24.15,0,1,3,False,True,False,False,3.224857896545748,2,0
0,2,0,34.0,13.0,0,1,1,False,True,False,False,2.6390573296152584,2,1
1,2,1,31.0,26.25,0,1,3,False,True,False,False,3.305053521109253,2,0
1,1,0,11.0,120.0,0,1,4,False,False,False,False,4.795790545596741,0,0
1,3,0,0.42,8.5167,0,0,2,False,False,False,False,2.2530481500547457,0,0
1,3,0,27.0,6.975,0,1,1,False,True,False,False,2.076311648670908,2,1
0,3,0,31.0,7.775,0,1,1,False,True,False,False,2.1719067693519296,2,1
0,1,0,39.0,0.0,0,1,1,False,False,True,False,0.0,3,1
0,3,1,18.0,7.775,0,1,1,True,False,False,False,2.1719067693519296,1,1
0,2,0,39.0,13.0,0,1,1,False,False,True,False,2.6390573296152584,3,1
1,1,1,33.0,53.1,0,1,2,False,True,False,False,3.9908341858524357,2,0
0,3,0,26.0,7.8875,0,1,1,False,True,False,False,2.184645795129359,2,1
0,3,0,39.0,24.15,0,1,1,False,False,True,False,3.224857896545748,3,1
0,2,0,35.0,10.5,0,1,1,False,True,False,False,2.4423470353692043,2,1
0,3,1,6.0,31.275,0,1,7,False,False,False,False,3.4742929367327062,0,0
0,3,0,30.5,8.05,0,1,1,False,True,False,False,2.2027647577118348,2,1
0,1,0,28.0,0.0,0,1,1,False,True,False,False,0.0,2,1
0,3,1,23.0,7.925,0,1,1,False,True,False,False,2.188856327665703,2,1
0,2,0,31.0,37.0042,0,0,3,False,True,False,False,3.637696679934592,2,0
0,3,0,43.0,6.45,0,1,1,False,False,True,False,2.0082140323914683,3,1
0,3,0,10.0,27.9,0,1,6,False,False,False,False,3.3638415951183864,0,0
1,1,1,52.0,93.5,0,1,3,False,False,True,False,4.548599834499697,3,0
1,3,0,27.0,8.6625,0,1,1,False,True,False,False,2.2682524139135403,2,1
0,1,0,38.0,0.0,0,1,1,False,False,True,False,0.0,3,1
1,3,1,27.0,12.475,0,1,2,False,True,False,False,2.600836116795061,2,0
0,3,0,2.0,39.6875,0,1,6,False,False,False,False,3.705920919968788,0,0
0,3,0,28.0,6.95,1,0,1,False,True,False,False,2.0731719286662407,2,1
0,3,0,28.0,56.4958,0,1,1,False,True,False,False,4.05171190165724,2,1
1,2,0,1.0,37.0042,0,0,3,False,False,False,False,3.637696679934592,0,0
1,3,0,28.0,7.75,1,0,1,False,True,False,False,2.169053700369523,2,1
1,1,1,62.0,80.0,0,1,1,False,False,False,True,4.394449154672439,4,1
1,3,1,15.0,14.4542,0,0,2,True,False,False,False,2.737880811060884,1,0
1,2,0,0.83,18.75,0,1,3,False,False,False,False,2.9831534913471307,0,0
0,3,0,28.0,7.2292,0,0,1,False,True,False,False,2.1076888046179385,2,1
0,3,0,23.0,7.8542,0,1,1,False,True,False,False,2.180891922715322,2,1
0,3,0,18.0,8.3,0,1,1,True,False,False,False,2.2300144001592104,1,1
1,1,1,39.0,83.1583,0,0,3,False,False,True,False,4.432699549165613,3,0
0,3,0,21.0,8.6625,0,1,1,False,True,False,False,2.2682524139135403,2,1
0,3,0,28.0,8.05,0,1,1,False,True,False,False,2.2027647577118348,2,1
1,3,0,32.0,56.4958,0,1,1,False,True,False,False,4.05171190165724,2,1
1,1,0,28.0,29.7,0,0,1,False,True,False,False,3.4242626545931514,2,1
0,3,0,20.0,7.925,0,1,1,False,True,False,False,2.188856327665703,2,1
0,2,0,16.0,10.5,0,1,1,True,False,False,False,2.4423470353692043,1,1
1,1,1,30.0,31.0,0,0,1,False,True,False,False,3.4657359027997265,2,1
0,3,0,34.5,6.4375,0,0,1,False,True,False,False,2.006534770871748,2,1
0,3,0,17.0,8.6625,0,1,1,True,False,False,False,2.2682524139135403,1,1
0,3,0,42.0,7.55,0,1,1,False,False,True,False,2.145931282948669,3,1
0,3,0,28.0,69.55,0,1,11,False,True,False,False,4.256321678298823,2,0
0,3,0,35.0,7.8958,0,0,1,False,True,False,False,2.1855792552411137,2,1
0,2,0,28.0,33.0,0,1,2,False,True,False,False,3.5263605246161616,2,0
1,1,1,28.0,89.1042,0,0,2,False,True,False,False,4.500966778400217,2,0
0,3,0,4.0,31.275,0,1,7,False,False,False,False,3.4742929367327062,0,0
0,3,0,74.0,7.775,0,1,1,False,False,False,True,2.1719067693519296,4,1
0,3,1,9.0,15.2458,0,0,3,False,False,False,False,2.7878344138303452,0,0
1,1,1,16.0,39.4,0,1,2,True,False,False,False,3.6988297849671046,1,0
0,2,1,44.0,26.0,0,1,2,False,False,True,False,3.295836866004329,3,0
1,3,1,18.0,9.35,0,1,2,True,False,False,False,2.336986519711378,1,0
1,1,1,45.0,164.8667,0,1,3,False,False,True,False,5.11118445372147,3,0
1,1,0,51.0,26.55,0,1,1,False,False,True,False,3.3160025355989236,3,1
1,3,1,24.0,19.2583,0,0,4,False,True,False,False,3.0085645861193133,2,0
0,3,0,28.0,7.2292,0,0,1,False,True,False,False,2.1076888046179385,2,1
0,3,0,41.0,14.1083,0,1,3,False,False,True,False,2.7152442616824506,3,0
0,2,0,21.0,11.5,0,1,2,False,True,False,False,2.5257286443082556,2,0
1,1,1,48.0,25.9292,0,1,1,False,False,True,False,3.2932111997353943,3,1
0,3,1,28.0,69.55,0,1,11,False,True,False,False,4.256321678298823,2,0
0,2,0,24.0,13.0,0,1,1,False,True,False,False,2.6390573296152584,2,1
1,2,1,42.0,13.0,0,1,1,False,False,True,False,2.6390573296152584,3,1
1,2,1,27.0,13.8583,0,0,2,False,True,False,False,2.698558631668595,2,0
0,1,0,31.0,50.4958,0,1,1,False,True,False,False,3.941500250945973,2,1
0,3,0,28.0,9.5,0,1,1,False,True,False,False,2.3513752571634776,2,1
1,3,0,4.0,11.1333,0,1,3,False,False,False,False,2.495953738718064,0,0
0,3,0,26.0,7.8958,0,1,1,False,True,False,False,2.1855792552411137,2,1
1,1,1,47.0,52.5542,0,1,3,False,False,True,False,3.9806942251907276,3,0
0,1,0,33.0,5.0,0,1,1,False,True,False,False,1.791759469228055,2,1
0,3,0,47.0,9.0,0,1,1,False,False,True,False,2.302585092994046,3,1
1,2,1,28.0,24.0,0,0,2,False,True,False,False,3.2188758248682006,2,0
1,3,1,15.0,7.225,0,0,1,True,False,False,False,2.1071782966514356,1,1
0,3,0,20.0,9.8458,0,1,1,False,True,False,False,2.3837779082709782,2,1
0,3,0,19.0,7.8958,0,1,1,False,True,False,False,2.1855792552411137,2,1
0,3,0,28.0,7.8958,0,1,1,False,True,False,False,2.1855792552411137,2,1
1,1,1,56.0,83.1583,0,0,2,False,False,True,False,4.432699549165613,3,0
1,2,1,25.0,26.0,0,1,2,False,True,False,False,3.295836866004329,2,0
0,3,0,33.0,7.8958,0,1,1,False,True,False,False,2.1855792552411137,2,1
0,3,1,22.0,10.5167,0,1,1,False,True,False,False,2.4437981558973862,2,1
0,2,0,28.0,10.5,0,1,1,False,True,False,False,2.4423470353692043,2,1
0,3,0,25.0,7.05,0,1,1,False,True,False,False,2.0856720914304723,2,1
0,3,1,39.0,29.125,1,0,6,False,False,True,False,3.405355391810819,3,0
0,2,0,27.0,13.0,0,1,1,False,True,False,False,2.6390573296152584,2,1
1,1,1,19.0,30.0,0,1,1,False,True,False,False,3.4339872044851463,2,1
0,3,1,28.0,23.45,0,1,4,False,True,False,False,3.196630215920881,2,0
1,1,0,26.0,30.0,0,0,1,False,True,False,False,3.4339872044851463,2,1
0,3,0,32.0,7.75,1,0,1,False,True,False,False,2.169053700369523,2,1
